County,FIPS,SAIDI,LOWER_SAIFI,SAIFI,UPPER_SAIFI,State,Date
Autauga,1001,0.0,<0.0001,<0.0001,<0.0001,Alabama,2026-09-23
Baldwin,1003,0.0,<0.0001,<0.0001,<0.0001,Alabama,2026-09-23
Barbour,1005,0.0,<0.0001,<0.0001,<0.0001,Alabama,2026-09-23
Bibb,1007,0.0,<0.0001,<0.0001,<0.0001,Alabama,2026-09-23
Blount,1009,0.0,<0.0001,<0.0001,<0.0001,Alabama,2026-09-23
Bullock,1011,0.0,<0.0001,<0.0001,<0.0001,Alabama,2026-09-23
Butler,1013,0.0,<0.0001,<0.0001,<0.0001,Alabama,2026-09-23
Calhoun,1015,0.0,<0.0001,<0.0001,<0.0001,Alabama,2026-09-23
Chambers,1017,0.0058,0.0046,0.0046,0.0046,Alabama,2026-09-23
Cherokee,1019,0.0,<0.0001,<0.0001,<0.0001,Alabama,2026-09-23
Chilton,1021,0.0437,0.0577,0.0577,0.0577,Alabama,2026-09-23
Choctaw,1023,0.0,<0.0001,<0.0001,<0.0001,Alabama,2026-09-23
Clarke,1025,0.0,<0.0001,<0.0001,<0.0001,Alabama,2026-09-23
Clay,1027,0.0,<0.0001,<0.0001,<0.0001,Alabama,2026-09-23
Cleburne,1029,0.0,<0.0001,<0.0001,<0.0001,Alabama,2026-09-23
Coffee,1031,0.0,<0.0001,<0.0001,<0.0001,Alabama,2026-09-23
Colbert,1033,0.0,0.0,0.0,0.0,Alabama,2026-09-23
Conecuh,1035,0.0,<0.0001,<0.0001,<0.0001,Alabama,2026-09-23
Coosa,1037,0.0,<0.0001,<0.0001,<0.0001,Alabama,2026-09-23
Covington,1039,0.0,<0.0001,<0.0001,<0.0001,Alabama,2026-09-23
Crenshaw,1041,0.0,<0.0001,<0.0001,<0.0001,Alabama,2026-09-23
Cullman,1043,0.0,<0.0001,<0.0001,<0.0001,Alabama,2026-09-23
Dale,1045,0.0001,0.0001,0.0001,0.0001,Alabama,2026-09-23
Dallas,1047,0.0007,0.0009,0.0009,0.0009,Alabama,2026-09-23
Dekalb,1049,0.0,0.0,0.0,0.0,Alabama,2026-09-23
Elmore,1051,0.0,<0.0001,<0.0001,<0.0001,Alabama,2026-09-23
Escambia,1053,0.0,<0.0001,<0.0001,<0.0001,Alabama,2026-09-23
Etowah,1055,0.0,<0.0001,<0.0001,<0.0001,Alabama,2026-09-23
Fayette,1057,0.0,<0.0001,<0.0001,<0.0001,Alabama,2026-09-23
Franklin,1059,0.0,<0.0001,<0.0001,<0.0001,Alabama,2026-09-23
Geneva,1061,0.0,<0.0001,<0.0001,<0.0001,Alabama,2026-09-23
Greene,1063,0.0,<0.0001,<0.0001,<0.0001,Alabama,2026-09-23
Hale,1065,0.0,<0.0001,<0.0001,<0.0001,Alabama,2026-09-23
Henry,1067,0.0,<0.0001,<0.0001,<0.0001,Alabama,2026-09-23
Houston,1069,0.0,<0.0001,<0.0001,<0.0001,Alabama,2026-09-23
Jackson,1071,0.0,0.0,0.0,0.0,Alabama,2026-09-23
Jefferson,1073,0.0,<0.0001,<0.0001,<0.0001,Alabama,2026-09-23
Lamar,1075,0.0,<0.0001,<0.0001,<0.0001,Alabama,2026-09-23
Lauderdale,1077,0.0,0.0,0.0,0.0,Alabama,2026-09-23
Lawrence,1079,0.0,<0.0001,<0.0001,<0.0001,Alabama,2026-09-23
Lee,1081,0.0002,0.0002,0.0002,0.0002,Alabama,2026-09-23
Limestone,1083,0.0,0.0,0.0,0.0,Alabama,2026-09-23
Lowndes,1085,0.0,<0.0001,<0.0001,<0.0001,Alabama,2026-09-23
Macon,1087,0.0,<0.0001,<0.0001,<0.0001,Alabama,2026-09-23
Madison,1089,0.0,0.0,0.0,0.0,Alabama,2026-09-23
Marengo,1091,0.0,<0.0001,<0.0001,<0.0001,Alabama,2026-09-23
Marion,1093,0.0,<0.0001,<0.0001,<0.0001,Alabama,2026-09-23
Marshall,1095,0.0,<0.0001,<0.0001,<0.0001,Alabama,2026-09-23
Mobile,1097,0.0,<0.0001,<0.0001,<0.0001,Alabama,2026-09-23
Monroe,1099,0.0,<0.0001,<0.0001,<0.0001,Alabama,2026-09-23
Montgomery,1101,0.0,<0.0001,<0.0001,<0.0001,Alabama,2026-09-23
Morgan,1103,0.0,0.0,0.0,0.0,Alabama,2026-09-23
Perry,1105,0.0417,0.0833,0.0833,0.0833,Alabama,2026-09-23
Pickens,1107,0.0,<0.0001,<0.0001,<0.0001,Alabama,2026-09-23
Pike,1109,0.0001,0.0001,0.0001,0.0001,Alabama,2026-09-23
Randolph,1111,0.0003,0.0003,0.0003,0.0003,Alabama,2026-09-23
Russell,1113,0.0,<0.0001,<0.0001,<0.0001,Alabama,2026-09-23
Shelby,1117,0.0,<0.0001,<0.0001,<0.0001,Alabama,2026-09-23
St. Clair,1115,0.0,<0.0001,<0.0001,<0.0001,Alabama,2026-09-23
Sumter,1119,0.0,<0.0001,<0.0001,<0.0001,Alabama,2026-09-23
Talladega,1121,0.0,<0.0001,<0.0001,<0.0001,Alabama,2026-09-23
Tallapoosa,1123,0.0,<0.0001,<0.0001,<0.0001,Alabama,2026-09-23
Tuscaloosa,1125,0.0,<0.0001,<0.0001,<0.0001,Alabama,2026-09-23
Walker,1127,0.0,<0.0001,<0.0001,<0.0001,Alabama,2026-09-23
Washington,1129,0.0,<0.0001,<0.0001,<0.0001,Alabama,2026-09-23
Wilcox,1131,0.0,<0.0001,<0.0001,<0.0001,Alabama,2026-09-23
Winston,1133,0.0,<0.0001,<0.0001,<0.0001,Alabama,2026-09-23
